file_name,word,beg_word,end_word,dur_word,beg_voic,end_voic,dur_voic,beg_mann,end_mann,dur_mann,rels,dur_v_to_m,dur_clos,abs_voic
bte03_20160531.TextGrid,kempa,44.295850340136056,45.114437050182396,0.8185867100463398,44.60735545686323,44.70476499690785,0.097409540044616,44.668330612244894,44.85530990173847,0.18697928949357845,44.93270975056689,0.060975155381662205,0.07739984882842066,0.060975155381662205
bte03_20160531.TextGrid,kempa,51.058356009070295,51.69075459813555,0.6323985890652537,51.20275258251449,51.39833786848072,0.19558528596623148,51.29064037960863,51.485589569161,0.19494918955236784,51.54701436130008,0.0878877970941403,0.06142479213907848,0.0878877970941403
bte03_20160531.TextGrid,kempa,57.335221088435375,58.08487392290249,0.7496528344671134,57.58032050218461,57.74541099773242,0.1650904955478083,57.681648764769065,57.827350718065006,0.1457019532959407,57.90468253968254,0.10132826258445249,0.07733182161753405,0.10132826258445249
bte03_20160531.TextGrid,gogg,64.25130385487529,64.8085941043084,0.5572902494331089,64.38174892179094,64.48222143120815,0.10047250941720165,,,,64.71972411186698,,0.23750268065883517,0.10047250941720165
bte03_20160531.TextGrid,gogg,69.46999433106576,70.05354227405249,0.5835479429867263,69.60068144499179,69.71129330802088,0.1106118630290922,,,,69.92473922902495,,0.213445921004066,0.1106118630290922
bte03_20160531.TextGrid,gogg,73.80825774754346,74.26473888545317,0.4564811379097051,73.9249748047367,74.03336601307191,0.1083912083352061,,,,74.24303571428572,,0.20966970121381223,0.1083912083352061
bte03_20160531.TextGrid,ýtt,85.02857142857144,85.40820672713531,0.37963529856386913,85.02857142857144,85.15111214182643,0.12254071325499183,85.1149685059209,85.26796674225247,0.15299823633156961,85.39000066693345,0.08639707734946,0.12203392468097718,0.08639707734946
bte03_20160531.TextGrid,ýtt,90.52579365079366,90.91722222222224,0.3914285714285768,90.52579365079366,90.65575910572564,0.12996545493197686,90.62636432350719,90.76209750566895,0.13573318216175778,90.89560252672499,0.10057067271353048,0.13350502105603823,0.10057067271353048
bte03_20160531.TextGrid,kembdi,98.46183295540439,99.02711052979575,0.5652775743913594,98.61244300587619,98.82241213151927,0.20996912564308445,98.69785228377066,98.82241213151927,0.12455984774861406,98.92203433754455,0.08540927789447039,0.09962220602527339,0.08540927789447039
bte03_20160531.TextGrid,kembdi,103.16051587301588,103.71217281298485,0.5516569399689644,103.28600051716593,103.50992711370263,0.22392659653669966,103.38504322562359,103.50992711370263,0.12488388807904016,103.6056717687075,0.0990427084576595,0.0957446550048644,0.0990427084576595
bte03_20160531.TextGrid,kembdi,108.70057823129252,109.26381128866642,0.5632330573738926,108.82029517554149,109.04718054789484,0.22688537235335104,108.91583955533433,109.04718054789484,0.13134099256051002,109.1388788467768,0.09554437979284103,0.09169829888196546,0.09554437979284103
bte03_20160531.TextGrid,vanda,115.55011499838031,116.12841203147927,0.5782970330989627,115.55011499838031,115.87684807256237,0.32673307418205866,115.73396659476799,115.87684807256237,0.14288147779437566,115.9768820861678,0.183851596387683,0.10003401360543762,0.183851596387683
bte03_20160531.TextGrid,vanda,120.75539304610734,121.27929379672662,0.5239007506192763,120.75539304610734,121.06738095238096,0.3119879062736146,120.91835363602807,121.06738095238096,0.14902731635288546,121.14954648526077,0.16296058992072915,0.08216553287981299,0.16296058992072915
bte03_20160531.TextGrid,vanda,126.07042362399507,126.59759098925767,0.5271673652625992,126.07042362399507,126.35668253968255,0.2862589156874833,126.22462134251292,126.35668253968255,0.13206119716963372,126.44808390022676,0.15419771851784958,0.09140136054421077,0.15419771851784958
bte03_20160531.TextGrid,kokk,132.67143990929705,133.2011590790162,0.5297191697191579,132.8501415278755,132.94369750566895,0.09355597779344293,132.94315059357075,133.06290249433107,0.1197519007603205,133.1881746031746,0.09300906569524159,0.12527210884351803,0.09300906569524159
bte03_20160531.TextGrid,kokk,137.56549886621315,138.0803218210361,0.5148229548229608,137.73117913832198,137.8904524031835,0.15927326486152538,137.83860357841766,137.93559712773998,0.0969935493223204,138.0688163265306,0.1074244400956843,0.13321919879061284,0.1074244400956843
bte03_20160531.TextGrid,kokk,143.38380574452003,143.90309523809523,0.5192894935752008,143.55897149335925,143.69516874967042,0.13619725631116353,143.65828738512948,143.7674580498866,0.10917066475713,143.88722428365284,0.0993158917702317,0.11976623376622797,0.0993158917702317
bte03_20160531.TextGrid,gelta,149.63729213907786,150.26649347095162,0.6292013318737588,149.77603851290186,149.89337861070354,0.11734009780167298,149.879924377518,150.06400639043497,0.18408201291697424,150.1429384797397,0.10388586461613158,0.07893208930474316,0.10388586461613158
bte03_20160531.TextGrid,gelta,154.92492063492062,155.5414961625676,0.6165755276469724,155.04873797079807,155.1627348558471,0.11399688504903338,155.14777864412653,155.3124007936508,0.1646221495242628,155.41215905409783,0.09904067332846012,0.0997582604470324,0.09904067332846012
bte03_20160531.TextGrid,gelta,160.09113378684805,160.6942513313686,0.6031175445205577,160.1995461945462,160.31653478935434,0.1169885948081344,160.30167355037253,160.46007111935683,0.1583975689842987,160.54814285714286,0.10212735582632604,0.08807173778603783,0.10212735582632604
bte03_20160531.TextGrid,dögg,165.67656009070296,166.20063595135022,0.5240758606472582,165.83100907029478,165.9281746031746,0.09716553287981355,,,,166.15517316017315,,0.2269985569985522,0.09716553287981355
bte03_20160531.TextGrid,dögg,170.60386621315192,171.10687074829931,0.5030045351473973,170.7383007518797,170.83127236079616,0.09297160891645717,,,,171.0664079339601,,0.2351355731639444,0.09297160891645717
bte03_20160531.TextGrid,dögg,175.55756235827664,176.03981292517005,0.4822505668934127,175.7103735682307,175.81240929705214,0.1020357288214484,,,,176.0239455782313,,0.2115362811791499,0.1020357288214484
bte03_20160531.TextGrid,sets,185.08570449391877,185.7576368642695,0.6719323703507314,185.26609053013044,185.37348072562358,0.10739019549313866,,,,185.6213544392116,,0.2478737135880067,0.10739019549313866
bte03_20160531.TextGrid,sets,189.65857503607504,190.2760476190476,0.6174725829725674,189.82985652907777,189.93676060900552,0.10690407992774453,,,,190.09137502180357,,0.154614412798054,0.10690407992774453
bte03_20160531.TextGrid,sets,194.89293256433007,195.46147392290248,0.5685413585724177,195.05865311276025,195.16884869099155,0.11019557823129844,,,,195.2952994439785,,0.12645075298695474,0.11019557823129844
bte03_20160531.TextGrid,vots,203.95684051398337,204.58607709750567,0.6292365835222995,203.95684051398337,204.20010959939532,0.2432690854119528,,,,204.36718820861677,,0.16707860922144846,0.2432690854119528
bte03_20160531.TextGrid,vots,208.90797430083146,209.39283954961294,0.48486524878148884,208.90797430083146,209.16964474678758,0.26167044595612765,,,,209.2685726883346,,0.09892794154700368,0.26167044595612765
bte03_20160531.TextGrid,vots,213.8583484504913,214.4215880574452,0.5632396069539141,213.8583484504913,214.14089821113632,0.28254976064502557,,,,214.24471655328796,,0.10381834215164076,0.28254976064502557
bte03_20160531.TextGrid,kopp,220.03217120181407,220.58616213151927,0.5539909297052077,220.21857556779324,220.3379448223734,0.1193692545801639,220.3026301363036,220.43924360220277,0.1366134658991598,220.56585034013605,0.08405456851036774,0.1266067379332867,0.08405456851036774
bte03_20160531.TextGrid,kopp,224.00694444444443,224.5993537414966,0.5924092970521713,224.1973862163913,224.36239348370927,0.165007267317975,,,,224.57202947845803,,0.2096359947487656,0.165007267317975
bte03_20160531.TextGrid,kopp,228.46989040060467,229.0297619047619,0.5598715041572291,228.65623112659696,228.87327664399092,0.21704551739395583,228.74246308893927,228.87327664399092,0.13081355505164538,228.99727210884353,0.08623196234231045,0.12399546485261226,0.08623196234231045
bte03_20160531.TextGrid,orka,234.70309745036226,235.2175893385603,0.5144918881980232,234.70309745036226,234.86832637944067,0.1652289290784097,234.83051489561342,235.00400510204082,0.17349020642740243,235.0863378684807,0.1274174452511545,0.08233276643989029,0.1274174452511545
bte03_20160531.TextGrid,orka,239.32095691609976,239.82482405912003,0.5038671430202726,239.32095691609976,239.44664221938774,0.12568530328798033,239.43194969345763,239.59202947845804,0.16007978500041986,,0.11099277735786472,,0.11099277735786472
bte03_20160531.TextGrid,orka,243.60724077509792,244.1154565941603,0.5082158190623716,243.60724077509792,243.73167800453513,0.12443722943720559,243.69583994248106,243.88110733182162,0.18526738934056652,243.96791005291004,0.088599167383137,0.08680272108841791,0.088599167383137
bte03_20160531.TextGrid,punta,249.61808390022676,250.26147363218791,0.6433897319611503,249.8092993197279,250.01957294028722,0.2102736205593203,249.88426933736457,250.01957294028722,0.13530360292264731,250.11346209912537,0.07497001763667299,0.0938891588381523,0.07497001763667299
bte03_20160531.TextGrid,punta,253.66236583522297,254.26841371308575,0.6060478778627783,253.815200080032,254.01537641723357,0.2001763372015546,253.88251214771623,254.01537641723357,0.13286426951734143,254.10556689342403,0.06731206768421316,0.0901904761904575,0.06731206768421316
bte03_20160531.TextGrid,punta,258.15438775510205,258.7008747387844,0.5464869836823709,258.29285462333087,258.5022562358277,0.20940161249683342,258.37273134650684,258.5022562358277,0.12952488932086226,258.5799064625851,0.07987672317597116,0.07765022675738464,0.07987672317597116
bte03_20160531.TextGrid,kemp,263.3095956160242,263.9885419501134,0.6789463340892326,263.52426267281106,263.68606009070294,0.16179741789187574,263.61954081632655,263.7336763038549,0.11413548752835823,,0.09527814351548614,,0.09527814351548614
bte03_20160531.TextGrid,kamp,267.80336167800453,268.31722546161325,0.5138637836087128,267.94044751233827,268.11950239355,0.17905488121175495,268.0326562642995,268.23747619047623,0.2048199261767536,268.3013900226757,0.09220875196120915,0.0639138321994892,0.09220875196120915
bte03_20160531.TextGrid,kamp,272.3313129251701,272.857380952381,0.5260680272108971,272.49099889240625,272.6681557067272,0.17715681432093788,272.5615039349073,272.7489455782313,0.18744164332400715,272.8229591836735,0.07050504250105405,0.0740136054421896,0.07050504250105405
bte03_20160531.TextGrid,hefna,278.72876640273597,279.2888678328475,0.5601014301115015,278.72876640273597,278.9128698979592,0.18410349522321212,,,,279.10433643632894,,0.19146653836975247,0.18410349522321212
bte03_20160531.TextGrid,hefna,283.07175132275137,283.60471950685036,0.5329681840989906,283.07175132275137,283.2250680272109,0.1533167044595416,,,,283.4075774754346,,0.18250944822369775,0.1533167044595416
bte03_20160531.TextGrid,hefna,287.30379455782315,287.91873203194325,0.6149374741200972,287.4821971097498,287.54045198259485,0.058254872845054706,,,,287.7344784580499,,0.19402647545507534,0.058254872845054706
bte03_20160531.TextGrid,detta,293.64494457042076,294.23810789049924,0.5931633200784745,293.7842517006803,293.9237356958287,0.13948399514845278,293.8873593468853,294.0249138321996,0.13755448531429693,294.11565111758995,0.10310764620504642,0.09073728539033254,0.10310764620504642
bte03_20160531.TextGrid,detta,297.6695946712018,298.2565343915344,0.5869397203325661,297.81297336827953,297.9681895777179,0.15521620943837888,297.9089292676135,298.0203231292517,0.11139386163824838,298.12892290249437,0.09595589933394422,0.10859977324264491,0.09595589933394422
bte03_20160531.TextGrid,detta,302.2653174603175,302.8117496172258,0.5464321569083381,302.377713361888,302.56173666568077,0.1840233037927419,302.47618223927753,302.57462939342406,0.09844715414652683,,0.09846887738950727,,0.09846887738950727
bte03_20160531.TextGrid,kemba,307.67026455026456,308.2860217856613,0.6157572353967566,307.83613641591904,307.9693962585034,0.13325984258437984,307.903921172989,308.11141723356013,0.20749606057114534,308.1638253968254,0.06778475706994413,0.05240816326528375,0.06778475706994413
bte03_20160531.TextGrid,kemba,312.33710884353746,312.91466532067375,0.5775564771362838,312.4522806122449,312.61410430839004,0.16182369614512027,312.5267024704619,312.73411564625854,0.20741317579665974,312.78681405895696,0.07442185821696512,0.052698412698418906,0.07442185821696512
bte03_20160531.TextGrid,kemba,316.9769123204838,317.56194702123275,0.5850347007489631,317.11170730158733,317.2763242630386,0.1646169614512587,317.19164026804754,317.3777891156463,0.1861488475987585,317.4346258503401,0.07993296646020553,0.05683673469383166,0.07993296646020553
bte03_20160531.TextGrid,fínn,322.52966490299826,323.2269954648526,0.6973305618543577,322.72811305474573,322.8247883597884,0.09667530504265187,,,,323.05160430839004,,0.22681594860165433,0.09667530504265187
bte03_20160531.TextGrid,fínn,326.60082199546486,327.0992252456539,0.4984032501890283,326.75701032136993,326.8526099773243,0.09559965595434505,,,,327.01164747950463,,0.15903750218035384,0.09559965595434505
bte03_20160531.TextGrid,fínn,331.15404336734696,331.7254024943311,0.5713591269841345,331.31596895168326,331.4199092970522,0.10394034536892605,,,,331.60403628117916,,0.18412698412697637,0.10394034536892605
bte03_20160531.TextGrid,fæddi,337.0039947089947,337.5678490345634,0.5638543255686841,337.14064121945074,337.2363681027967,0.09572688334594659,,,,337.457696668411,,0.22132856561432845,0.09572688334594659
bte03_20160531.TextGrid,fæddi,340.86952704891485,341.41360258466534,0.544075535750494,340.99807174696366,341.0842441421013,0.08617239513762343,,,,341.29429292929296,,0.21004878719168119,0.08617239513762343
bte03_20160531.TextGrid,fæddi,345.4943272864702,346.0200619643628,0.5257346778926149,345.6073993764173,345.70506478781994,0.09766541140265872,,,,345.8915929705216,,0.18652818270163607,0.09766541140265872
bte03_20160531.TextGrid,feits,352.360612244898,352.98105118237777,0.6204389374797756,352.5361623779947,352.72800327538425,0.191840897389568,,,,352.83464474678766,,0.10664147140340674,0.191840897389568
bte03_20160531.TextGrid,feits,356.4628506640752,357.19121315192746,0.7283624878522801,356.7212630385488,356.9357426303855,0.21447959183672083,,,,357.0385395189004,,0.102796888514888,0.21447959183672083
bte03_20160531.TextGrid,feits,360.46646258503404,361.0347175840033,0.5682549989692802,360.62451064296687,360.8117885487529,0.18727790578600434,,,,360.89908871882085,,0.08730017006797652,0.18727790578600434
bte03_20160531.TextGrid,gelda,365.0497278911565,365.6277548094507,0.5780269182941993,365.17443444044284,365.38953514739234,0.21510070694949945,365.27352474323067,365.4000340136055,0.12650927037481097,365.50986443852906,0.09909030278782893,0.10983042492358663,0.09909030278782893
bte03_20160531.TextGrid,gelda,369.25582388510963,369.8023291896124,0.546505304502773,369.37881345735576,369.5907565192744,0.21194306191864598,369.482373015873,369.598097505669,0.11572448979597993,369.69439909297057,0.1035595585172473,0.096301587301582,0.1035595585172473
bte03_20160531.TextGrid,gelda,373.96163945578235,374.5031980830157,0.5415586272333712,374.05976428333577,374.25054524840243,0.19078096506666498,374.1596017965197,374.2653628117914,0.10576101527169612,374.36354897192376,0.09983751318395662,0.09818616013234305,0.09983751318395662
bte03_20160531.TextGrid,vítt,379.38921768707485,379.89116780045356,0.5019501133787116,379.38921768707485,379.5876553869411,0.19843769986624693,379.56206905792624,379.7252267573696,0.16315769944338854,379.85008205542107,0.17285137085139013,0.12485529805144324,0.17285137085139013
bte03_20160531.TextGrid,vítt,383.9008438613541,384.3201587301587,0.41931486880463353,383.9008438613541,384.0759417793092,0.17509791795509955,384.04320960268166,384.18744897959186,0.14423937691020683,384.3043726379441,0.1423657413275805,0.11692365835222063,0.1423657413275805
bte03_20160531.TextGrid,vítt,388.6847694633409,389.15023809523814,0.4654686318972381,388.6847694633409,388.87657551020413,0.19180604686323477,388.84648730530466,388.99951247165535,0.1530251663506874,389.1170879120879,0.16171784196376393,0.1175754404325744,0.16171784196376393
bte03_20160531.TextGrid,vanta,409.74562169312173,410.2499494245935,0.5043277314717898,409.74562169312173,409.9459160997733,0.20029440665155107,409.8957321023648,410.02904478458055,0.13331268221577375,410.13357218442934,0.15011040924304098,0.10452739984879145,0.15011040924304098
bte03_20160531.TextGrid,vanta,414.0743424036281,414.5604160444666,0.4860736408384696,414.0743424036281,414.3069461117781,0.23260370814995213,414.2250054558164,414.4018102796675,0.17680482385105734,414.4519009826153,0.15066305218829257,0.05009070294784124,0.15066305218829257
bte03_20160531.TextGrid,vanta,419.0766831248629,419.5688622551478,0.4921791302849101,419.0766831248629,419.2883106575964,0.2116275327335302,419.20787757901513,419.405470521542,0.19759294252685322,419.4541029900332,0.13119445415225073,0.048632468491234704,0.13119445415225073
bte03_20160531.TextGrid,nafla,424.6968972033258,425.22138526588583,0.5244880625600103,424.6968972033258,424.8705215419501,0.17362433862427906,,,,425.04987528344674,,0.17935374149664085,0.17362433862427906
bte03_20160531.TextGrid,nafla,428.48686507936515,428.946992748068,0.46012766870285304,428.48686507936515,428.64309174952035,0.1562266701552062,,,,428.8191755749919,,0.17608382547155088,0.1562266701552062
bte03_20160531.TextGrid,nafla,432.6808749055178,433.1435640368702,0.46268913135241974,432.6808749055178,432.8457845804989,0.16490967498111786,,,,432.99793812763204,,0.152153547133139,0.16490967498111786
bte03_20160531.TextGrid,mjólka,437.75664172335604,438.29249429263234,0.535852569276301,437.75664172335604,437.980222396651,0.22358067329497544,437.95243165190607,438.1257936507937,0.1733619988876285,438.17113378684815,0.19578992855002753,0.045340136054448976,0.19578992855002753
bte03_20160531.TextGrid,mjólka,441.42480801209376,441.9458181405896,0.5210101284958455,441.42480801209376,441.6545888133031,0.2297808012093583,441.6158429390275,441.76953514739233,0.15369220836481645,441.8271957671958,0.191034926933753,0.057660619803471036,0.191034926933753
bte03_20160531.TextGrid,mjólka,445.76551398337114,446.2688029288741,0.503288945502959,445.76551398337114,446.00712815990596,0.2416141765348243,445.94234470103834,446.09132653061226,0.14898182957392692,446.1364210128496,0.17683071766720104,0.0450944822373458,0.17683071766720104
bte03_20160531.TextGrid,odd,451.2807259570495,451.6683120897482,0.38758613269868647,451.2807259570495,451.37916585681893,0.09843989976940293,,,,451.6517063492064,,0.2725404923874635,0.09843989976940293
bte03_20160531.TextGrid,odd,455.04201080432176,455.41975245653816,0.3777416522164003,455.04201080432176,455.1691927437642,0.12718193944243694,,,,455.40010204081636,,0.23090929705216467,0.12718193944243694
bte03_20160531.TextGrid,odd,458.981912228306,459.3319938451571,0.3500816168511278,458.981912228306,459.1011148904006,0.11920266209460806,,,,459.31806122448984,,0.21694633408924346,0.11920266209460806
bte03_20160531.TextGrid,þíddi,464.2548030045352,464.79246014696605,0.5376571424308736,464.3984000266774,464.4688955352256,0.07049550854821973,,,,464.67106575963726,,0.20217022441164545,0.07049550854821973
bte03_20160531.TextGrid,þíddi,469.27580411651843,469.7439548275451,0.4681507110266807,469.3894630709427,469.46368480725624,0.07422173631351825,,,,469.63153061224494,,0.16784580498870127,0.07422173631351825
bte03_20160531.TextGrid,þíddi,473.8668367346939,474.32351473922904,0.4566780045351493,473.9764374988841,474.05084467120184,0.07440717231776262,,,,474.21021751264607,,0.15937284144422392,0.07440717231776262
bte03_20160531.TextGrid,punta,480.6964240362812,481.26234823453194,0.565924198250741,480.83967687074835,480.9716383219955,0.1319614512471503,480.91486823558256,481.0756651549509,0.1607969193683516,481.1600929705216,0.07519136483421107,0.08442781557067747,0.07519136483421107
bte03_20160531.TextGrid,punta,484.30628873771735,484.8745389266818,0.5682501889644413,484.46980272108846,484.59532199546493,0.12551927437647237,484.53585519922257,484.6774603174604,0.14160511823780553,484.7775321239607,0.06605247813411097,0.10007180650035252,0.06605247813411097
bte03_20160531.TextGrid,punta,488.17102721088435,488.7046200194364,0.5335928085520436,488.2987825963719,488.4487981859411,0.15001558956919325,488.3775894228659,488.5485918367347,0.17100241386879134,488.59785260770974,0.0788068264940307,0.04926077097502457,0.0788068264940307
bte03_20160531.TextGrid,orga,493.57253861961453,494.07449331220135,0.5019546925868212,493.57253861961453,493.8356621315193,0.2631235119047801,,,,493.9555593348451,,0.11989720332576326,0.2631235119047801
bte03_20160531.TextGrid,orga,496.9838481997161,497.4599870957155,0.4761388959994406,496.9838481997161,497.20833333333337,0.22448513361729283,,,,497.31703325774754,,0.10869992441416798,0.22448513361729283
bte03_20160531.TextGrid,orga,500.81084011382336,501.27633070772174,0.4654905938983802,500.81084011382336,501.0185532879819,0.20771317415852764,,,,501.1283786848073,,0.10982539682538572,0.20771317415852764
bte03_20160531.TextGrid,kinn,506.4498866213152,506.927947845805,0.4780612244898066,506.6108899143522,506.927947845805,0.3170579314528368,506.7023822605966,506.927947845805,0.22556558520841463,,0.09149234624442215,,0.09149234624442215
bte03_20160531.TextGrid,kinn,510.24528722600155,510.7002494331066,0.45496220710504076,510.40188743607115,510.7002494331066,0.2983619970354425,510.47649575879734,510.7002494331066,0.22375367430925053,,0.074608322726192,,0.074608322726192
bte03_20160531.TextGrid,kinn,514.8581065759638,515.3229440665156,0.4648374905517585,515.0008620559336,515.3229440665156,0.3220820105819939,515.0803360544218,515.3229440665156,0.2426080120937968,,0.07947399848819714,,0.07947399848819714
bte03_20160531.TextGrid,kamba,521.0040249433107,521.5750195879771,0.5709946446663707,521.1707992272279,521.3746916099774,0.20389238274947274,521.237044175695,521.3746916099774,0.13764743428237125,521.4620332577476,0.0662449484671015,0.08734164777024489,0.0662449484671015
bte03_20160531.TextGrid,kamba,525.1163605442177,525.6516698127767,0.53530926855899,525.2705998763141,525.4615759637188,0.1909760874046924,,,,525.5463247404225,,0.08474877670369096,0.1909760874046924
bte03_20160531.TextGrid,kamba,529.8764115646259,530.4330508314438,0.5566392668179105,530.0145091369882,530.218537414966,0.20402827797784084,,,,530.3076281179139,,0.0890907029478285,0.20402827797784084
bte03_20160531.TextGrid,takka,536.1196394557824,536.6681121812021,0.5484727254197423,536.2455568153188,536.3776256116482,0.1320687963294631,536.3417631266669,536.4612585034014,0.11949537673444866,536.5473875661376,0.09620631134816904,0.08612906273617682,0.09620631134816904
bte03_20160531.TextGrid,takka,540.1385941043084,540.6725794406652,0.5339853363568636,540.272479537847,540.4060446908422,0.13356515299528837,540.3696074429772,540.4704365079365,0.10082906495927091,540.5590997732427,0.09712790513026448,0.08866326530619517,0.09712790513026448
bte03_20160531.TextGrid,takka,544.3220022675738,544.8673425780569,0.5453403104830841,544.4628004535148,544.6061605118239,0.14336005830909926,544.5700325963719,544.666462585034,0.09642998866206653,544.7456899902819,0.10723214285712857,0.07922740524793426,0.10723214285712857
bte03_20160531.TextGrid,dögg,549.6480952380953,550.1327516134659,0.484656375370605,549.8045102670699,549.8919400352734,0.08742976820349213,,,,550.1184126984127,,0.22647266313936143,0.08742976820349213
bte03_20160531.TextGrid,dögg,553.0663832199547,553.5441358024692,0.47775258251454034,553.1923902288188,553.295462585034,0.1030723562151934,,,,553.5298299319728,,0.234367346938825,0.1030723562151934
bte03_20160531.TextGrid,dögg,557.0715419501134,557.5099858276644,0.4384438775509807,557.1966808390023,557.2993962585035,0.10271541950123719,,,,557.5033632240776,,0.20396696557406813,0.10271541950123719
bte03_20160531.TextGrid,kapli,563.2674489795919,563.8352792355038,0.567830255911872,563.4256365638042,563.5523318216176,0.12669525781336688,563.5159405706727,563.6244739229026,0.1085333522298697,563.7215714285715,0.09030400686845041,0.09709750566889852,0.09030400686845041
bte03_20160531.TextGrid,kapli,566.9097430083144,567.479968336212,0.5702253278975604,567.0650179516251,567.2293110577564,0.1642931061312538,567.1799453720884,567.2633730158731,0.08342764378471657,567.3599886621315,0.11492742046323201,0.09661564625844221,0.11492742046323201
bte03_20160531.TextGrid, kapli,571.5673356009071,572.0882749545061,0.520939353599033,571.6890278587625,571.8845181405895,0.19549028182700567,571.7984744644127,571.8901065759637,0.09163211155100726,,0.10944660565019149,,0.10944660565019149
bte03_20160531.TextGrid,japla,577.1993551587302,577.7066843537415,0.5073291950112662,577.1993551587302,577.4319848584596,0.23262969972938663,577.39310058855,577.4954697116942,0.10236912314417168,577.5892101284959,0.19374542981984177,0.09374041680166556,0.19374542981984177
bte03_20160531.TextGrid,japla,580.4869881285848,580.979321806062,0.49233367747717693,580.4869881285848,580.7067180650038,0.21972993641895755,580.6631789638933,580.7495714285715,0.08639246467816974,580.8586612593756,0.1761908353084891,0.10908983080412327,0.1761908353084891
bte03_20160531.TextGrid,japla,584.4847687348032,584.9437274068204,0.458958672017161,584.4847687348032,584.660271818129,0.17550308332579334,584.614679138322,584.7180139833712,0.10333484504917578,584.8237981859411,0.12991040351880656,0.10578420256990739,0.12991040351880656
bte03_20160531.TextGrid,þítt,590.103037792895,590.6435034013606,0.5404656084656381,590.2695770209925,590.3983950885319,0.12881806753932779,590.3739437880415,590.4948866213152,0.12094283327371613,590.6302671201814,0.10436676704898673,0.13538049886619774,0.10436676704898673
bte03_20160531.TextGrid,þítt,593.5476193540479,594.0948750611356,0.5472557070876292,593.7044358831968,593.8187283034426,0.11429242024587438,593.806821617536,593.9280309901739,0.12120937263784981,594.0531916099774,0.10238573433923648,0.12516061980352333,0.10238573433923648
bte03_20160531.TextGrid,þítt,597.4741657218443,598.0397475074686,0.5655817856243175,597.6436306278237,597.7611564625851,0.11752583476140899,597.7472855579014,597.875612244898,0.12832668699661554,597.9986630036631,0.10365493007770965,0.12305075876508909,0.10365493007770965
bte03_20160531.TextGrid,duld,602.5107563977972,603.0833581540725,0.5726017562752759,602.6805004510765,602.9393310657597,0.25883061468323376,602.7889775093711,602.9393310657597,0.15035355638860892,603.0592120181406,0.10847705829462484,0.11988095238086771,0.10847705829462484
bte03_20160531.TextGrid,duld,606.3638662131519,606.9003669346527,0.5365007215007154,606.4901064015351,606.7477927730232,0.2576863714881483,606.6177175314571,606.7559665532881,0.1382490218310295,606.8800806834362,0.12761112992200196,0.12411413014808659,0.12761112992200196
bte03_20160531.TextGrid,duld,610.2863303099018,610.8173951247165,0.5310648148147266,610.4315435349768,610.6755442176872,0.2440006827104071,610.5383527696794,610.6755442176872,0.1371914480077976,610.7964187452759,0.1068092347026095,0.12087452758873951,0.1068092347026095
bte03_20160531.TextGrid,ydd,614.6327809271858,614.9872494331066,0.3544685059208632,614.6327809271858,614.732193877551,0.09941295036526299,,,,614.9682123960696,,0.23601851851856281,0.09941295036526299
bte03_20160531.TextGrid,ydd,617.7459928295643,618.1242908678623,0.3782980382979986,617.7459928295643,617.8652166792643,0.11922384970000621,,,,618.1035008818343,,0.23828420256995742,0.11922384970000621
bte03_20160531.TextGrid,ydd,621.3583424036282,621.7342711370262,0.375928733398041,621.3583424036282,621.4716481137909,0.11330571016276281,,,,621.7140532879819,,0.2424051741909352,0.11330571016276281
bte03_20160531.TextGrid,kubb,626.5896145124717,627.038727324263,0.44911281179133766,626.7468594104308,626.817,0.07014058956917779,,,,627.0274327826369,,0.2104327826368717,0.07014058956917779
bte03_20160531.TextGrid,kubb,629.8449546485261,630.334253762111,0.4892991135848206,630.0153163265306,630.103514739229,0.08819841269837525,,,,630.3231587301588,,0.21964399092973963,0.08819841269837525
bte03_20160531.TextGrid,kubb,634.0616984126984,634.5790249433107,0.5173265306123085,634.2268720080625,634.311530612245,0.08465860418243665,,,,634.5503775974328,,0.23884698518781988,0.08465860418243665
bte03_20160531.TextGrid,sett,639.1922063492065,639.7417667066827,0.5495603574762526,639.3588241625765,639.5317756846329,0.17295152205633713,639.4673591487878,639.6063364512472,0.13897730245946605,639.7274263038549,0.10853498621122526,0.12108985260772442,0.10853498621122526
bte03_20160531.TextGrid,sett,642.5356812580104,643.0581335034015,0.5224522453910367,642.6991974025974,642.8957647907648,0.19656738816740926,642.8025113378685,642.9329213907786,0.13041005291006513,643.0392705971278,0.10331393527110322,0.10634920634925038,0.10331393527110322
bte03_20160531.TextGrid,sett,645.9784885204082,646.5104421768708,0.5319536564626333,646.1252452338961,646.3023877551021,0.17714252120606488,646.2312647312447,646.3817913832199,0.1505266519752695,646.492922335601,0.10601949734859772,0.11113095238101778,0.10601949734859772
bte03_20160531.TextGrid,sæts,652.29978773788,652.9284693877552,0.6286816498751477,652.459224466419,652.6785147392291,0.21929027281009894,,,,652.7969538926682,,0.11843915343911249,0.21929027281009894
bte03_20160531.TextGrid,sæts,655.903149659864,656.5114463880791,0.608296728215123,656.0761449603997,656.2875396825397,0.21139472213997124,,,,656.3919168816952,,0.10437719915557864,0.21139472213997124
bte03_20160531.TextGrid,sæts,659.640484504913,660.2198760653687,0.5793915604556332,659.7937037037037,659.9910498866213,0.19734618291761308,,,,660.0780197236128,,0.08696983699144312,0.19734618291761308
bte03_20160531.TextGrid,punt,664.5347052154195,665.1271773026672,0.5924720872476428,664.7173948097758,664.8646666666667,0.14727185689093858,664.8026303854875,665.0252324263039,0.22260204081635493,665.1095691609978,0.08523557571174933,0.08433673469392033,0.08523557571174933
bte03_20160531.TextGrid,punt,668.0040929705216,668.5802401566688,0.5761471861471819,668.1628921871779,668.314440665155,0.15154847797703042,668.2643279736137,668.4723922902494,0.20806431663572766,668.5601039045755,0.10143578643578621,0.08771161432605368,0.10143578643578621
bte03_20160531.TextGrid,punt,671.6857331821618,672.1458449176773,0.4601117355155111,671.8208276643991,671.9466175359033,0.12578987150425291,671.9046031746032,672.0448337112623,0.1402305366591463,672.1356859410431,0.08377551020407736,0.09085222978080765,0.08377551020407736
bte03_20160531.TextGrid,tefla,677.4213605442177,677.9444001318988,0.523039587681069,677.535087585034,677.6488840298024,0.11379644476835438,,,,677.8220606575965,,0.17317662779407783,0.11379644476835438
bte03_20160531.TextGrid,tefla,680.696179138322,681.2133229346965,0.517143796374512,680.8334549855979,680.9052844774274,0.07182949182947596,,,,681.065061842919,,0.15977736549166366,0.07182949182947596
bte03_20160531.TextGrid,tefla,684.5902910052911,685.0552540908255,0.46496308553446397,684.6922954030097,684.7851587301587,0.0928633271490753,,,,684.920134264232,,0.13497553407330543,0.0928633271490753
bte03_20160531.TextGrid,sætt,706.25567527576,706.7967278911565,0.5410526153964383,706.4100084379519,706.5618881911739,0.1518797532220333,706.5147186603255,706.637567665364,0.12284900503857443,706.7827696793004,0.1047102223735692,0.14520201393634125,0.1047102223735692
bte03_20160531.TextGrid,sætt,709.2540913792418,709.7863406338146,0.5322492545727755,709.3893866753051,709.5423492644921,0.15296258918704098,709.5002666863847,709.6484126984127,0.14814601202795075,709.765918367347,0.11088001107964374,0.11750566893431369,0.11088001107964374
bte03_20160531.TextGrid,sætt,712.6508254443969,713.1248548752835,0.47402943088661686,712.7941584444324,712.9474776226281,0.15331917819571572,712.8889036624752,712.9800289745529,0.09112531207767915,,0.09474521804281721,,0.09474521804281721
bte03_20160531.TextGrid,feitt,716.9277850664075,717.4213358856248,0.49355081921726196,717.074066630019,717.1997192743764,0.12565264435738754,717.1711129799905,717.2857768904664,0.11466391047588331,717.4062622826909,0.09704634997149242,0.12048539222450927,0.09704634997149242
bte03_20160531.TextGrid,feitt,719.9348866213152,720.4341758241759,0.499289202860723,720.0572915833,720.211317809175,0.15402622587498627,720.1692396756682,720.2873129251701,0.11807324950189013,720.4196485260771,0.11194809236826586,0.13233560090702667,0.11194809236826586
bte03_20160531.TextGrid,feitt,723.4119942050895,723.913052154195,0.5010579491055296,723.5329875283447,723.6759555303603,0.14296800201555016,723.6505736961452,723.7692630385488,0.11868934240362705,723.894274842357,0.11758616780048214,0.12501180380820642,0.11758616780048214
bte03_20160531.TextGrid,ólga,728.1002188131489,728.5719800881726,0.47176127502370946,728.1002188131489,728.3434897959183,0.24327098276944525,728.2728051450465,728.3434897959183,0.07068465087183995,728.4488775510205,0.1725863318976053,0.10538775510212872,0.1725863318976053
bte03_20160531.TextGrid,ólga,731.5476656588562,731.9774,0.42973434114378506,731.5476656588562,731.7675850340137,0.21991937515747395,731.6875261359955,731.7675850340137,0.08005889801813737,731.8556386999245,0.13986047713933658,0.0880536659108202,0.13986047713933658
bte03_20160531.TextGrid,ólga,734.7530615902275,735.1859808239288,0.432919233701341,734.7530615902275,734.9739871504157,0.22092556018822052,734.9110689421967,734.9739871504157,0.06291820821900274,735.0594671201815,0.15800735196921778,0.08547996976574268,0.15800735196921778
bte03_20160531.TextGrid,kagga,740.5115684051399,741.0463982516084,0.5348298464684831,740.6526476262463,740.7220016491445,0.06935402289821013,,,,740.9156122448979,,0.19361059575339823,0.06935402289821013
bte03_20160531.TextGrid,kagga,743.4619926303856,743.9739285714286,0.5119359410430206,743.6006854256855,743.6856936107777,0.08500818509219243,,,,743.8502607709751,,0.16456716019740725,0.08500818509219243
bte03_20160531.TextGrid,kagga,746.6459221466365,747.1783657272433,0.5324435806068095,746.7756279434851,746.8818556311414,0.10622768765631463,,,,747.0432091566786,,0.16135352553715165,0.10622768765631463
bte03_20160531.TextGrid,vott,750.4240612244898,750.9254818594105,0.5014206349206916,750.4240612244898,750.662980115123,0.2389188906331583,750.6299393670512,750.7930914588057,0.16315209175456857,750.9115419501134,0.20587814256134607,0.11845049130761254,0.20587814256134607
bte03_20160531.TextGrid,vott,754.3886810279668,754.8928193499622,0.5041383219954696,754.3886810279668,754.615478080121,0.2267970521542111,754.5878359540537,754.7397278911565,0.1518919371027323,754.8724168926831,0.19915492608697605,0.13268900152661445,0.19915492608697605
bte03_20160531.TextGrid,vott,758.5828533635677,759.0459372637945,0.46308390022682033,758.5828533635677,758.7877544602746,0.2049010967069762,758.7603761387596,758.9052664399093,0.14489030114964407,759.0308278472679,0.17752277519196014,0.12556140735864574,0.17752277519196014
bte03_20160531.TextGrid,vopna,763.6429166666667,764.2068548904766,0.5639382238099415,763.6429166666667,763.8207991097674,0.17788244310077062,763.8128702709155,763.9643424036282,0.15147213271268356,764.0377664399093,0.16995360424880346,0.07342403628115335,0.16995360424880346
bte03_20160531.TextGrid,vopna,766.9911597019761,767.5528781988986,0.5617184969224809,766.9911597019761,767.1938023088023,0.2026426068262026,767.1723204837491,767.3026984126984,0.130377928949315,767.3635714285715,0.18116078177297368,0.060873015873085023,0.18116078177297368
bte03_20160531.TextGrid,vopna,770.462105064248,771.0066705348806,0.5445654706326195,770.462105064248,770.6813458805746,0.2192408163265327,770.6541292517007,770.7878458049887,0.13371655328796805,770.8309712774,0.19202418745271643,0.043125472411247756,0.19202418745271643
bte03_20160531.TextGrid,ótt,775.8293061669112,776.2820124716553,0.45270630474408335,775.8293061669112,776.0019224489796,0.17261628206836122,775.9673582766441,776.129164777022,0.16180650037790656,776.2675850340137,0.13805210973282556,0.1384202569917079,0.13805210973282556
bte03_20160531.TextGrid,ótt,779.0578868732679,779.4912981859411,0.4334113126732291,779.0578868732679,779.21520861678,0.15732174351217054,779.1905674333226,779.3523469387756,0.16177950545295516,779.4770901270562,0.13268056005472317,0.12474318828060404,0.13268056005472317
bte03_20160531.TextGrid,ótt,782.6255725623583,783.0882276850134,0.4626551226550646,782.6255725623583,782.822674117266,0.19710155490770376,782.7921341357056,782.9547959183674,0.16266178266175757,783.0761402656301,0.1665615733472805,0.12134434726272048,0.1665615733472805
bte03_20160531.TextGrid,gedda,788.3587188208617,788.8886415581686,0.5299227373069471,788.478295924773,788.5775944822374,0.09929855746440808,,,,788.7805799535005,,0.20298547126310496,0.09929855746440808
bte03_20160531.TextGrid,gedda,791.6802305366591,792.2245078783651,0.5442773417059925,791.8032390106439,791.9060884353742,0.10284942473026604,,,,792.0974464600655,,0.19135802469133978,0.10284942473026604
bte03_20160531.TextGrid,gedda,795.169081632653,795.6867465652929,0.5176649326398319,795.2783141941793,795.3706972789116,0.09238308473231882,,,,795.5673431594861,,0.19664588057446508,0.09238308473231882
bte03_20160531.TextGrid,pund,800.2761609977324,800.8315448504984,0.5553838527659991,800.481909750567,800.7255769715294,0.24366722096249305,800.5720773494584,800.7255769715294,0.15349962207108092,800.8180612244898,0.09016759889141213,0.09248425296038931,0.09016759889141213
bte03_20160531.TextGrid,pund,803.9807959183673,804.5146760609006,0.5338801425332349,804.1450253968254,804.4022108843537,0.25718548752831794,804.2410015117158,804.4022108843537,0.16120937263792712,804.5018716931218,0.09597611489039082,0.09966080876802152,0.09597611489039082
bte03_20160531.TextGrid,pund,807.9563983371127,808.4657057823129,0.5093074452001929,808.1061413454271,808.3666704459562,0.26052910052908373,808.211648379782,808.3666704459562,0.15502206617418324,808.4499357520787,0.1055070343549005,0.08326530612248462,0.1055070343549005
bte03_20160531.TextGrid,fætt,812.3727962543043,812.903571664777,0.5307754104727564,812.502416786666,812.6431218730879,0.14070508642191726,812.6160467860615,812.7417256235829,0.12567883752137732,812.8817082388512,0.1136299993954708,0.13998261526830902,0.1136299993954708
bte03_20160531.TextGrid,fætt,815.8592252456539,816.3764845938375,0.5172593481836429,815.9868990929706,816.135633106576,0.14873401360546268,816.0895642364691,816.2242630385488,0.1346988020796971,816.3569009826153,0.10266514349848421,0.13263794406657325,0.10266514349848421
bte03_20160531.TextGrid,fætt,819.9753283782649,820.4574272897565,0.4820989114916756,820.0994733461786,820.2427664399094,0.14329309373079013,820.1929061310059,820.3152834467121,0.1223773157062169,820.4416061980348,0.09343278482731421,0.12632275132273207,0.09343278482731421
bte03_20160531.TextGrid,kamb,825.2988473167045,825.7932922540997,0.4944449373952011,825.4573576287659,825.7030408163266,0.2456831875607577,825.5372464778261,825.7030408163266,0.16579433850051828,825.7747862001944,0.07988884906023941,0.0717453838677784,0.07988884906023941
bte03_20160531.TextGrid,kamb,828.43808994709,828.9606462585034,0.522556311413382,828.6083125874464,828.8635001619696,0.25518757452312,828.7006408683692,828.8635001619696,0.162859293600377,828.9528911564627,0.09232828092274303,0.08939099449310106,0.09232828092274303
bte03_20160531.TextGrid,kamb,831.9939569160998,832.5007114512473,0.5067545351474791,832.1296308893928,832.3853498542275,0.25571896483461387,832.2311261063566,832.3853498542275,0.1542237478709012,832.4933597883598,0.10149521696371266,0.10800993413238302,0.10149521696371266
bte03_20160531.TextGrid,dult,836.1941534391534,836.738817819811,0.5446643806575366,836.3409163059163,836.4530330626875,0.11211675677122912,836.4275755248336,836.6038265306123,0.17625100577868125,836.7244784580499,0.08665921891736161,0.12065192743762054,0.08665921891736161
bte03_20160531.TextGrid,dult,839.4090249433107,839.9772940287227,0.5682690854119983,842.946370622323,843.0543452380953,0.10797461577226386,843.0460892452219,843.2066477702192,0.16055852499732737,,0.09971862289887667,,0.09971862289887667
bte03_20160531.TextGrid,dult,842.8197732426304,843.3504024943311,0.5306292517007023,842.946370622323,843.0543452380953,0.10797461577226386,843.0460892452219,843.2066477702192,0.16055852499732737,843.3337477954145,0.09971862289887667,0.12710002519531827,0.09971862289887667
bte03_20160531.TextGrid,kefli,847.8812736205593,848.4221175094242,0.5408438888648561,848.0037561208059,848.0892139077854,0.0854577869795321,,,,848.259172335601,,0.16995842781557258,0.0854577869795321
bte03_20160531.TextGrid,kefli,851.1470748299321,851.6972008840991,0.5501260541669808,851.2750842241659,851.3673823696146,0.09229814544869441,,,,851.5376020408164,,0.1702196712018349,0.09229814544869441
bte03_20160531.TextGrid,tipla,860.2831821617536,860.9090356432429,0.62585348148923,860.4477296832712,860.5847197278912,0.1369900446200063,860.5505922686535,860.6381383219955,0.08754605334195276,860.748950617284,0.10286258538235415,0.1108122952884969,0.10286258538235415
bte03_20160531.TextGrid,tipla,863.7828344671202,864.3902633731088,0.6074289059886269,863.939744158533,864.0995825602969,0.15983840176386366,864.0448906319898,864.133398744113,0.08850811212323606,864.2378020732102,0.1051464734567844,0.10440332909718109,0.1051464734567844
bte03_20160531.TextGrid,tipla,868.1987830687831,868.6818927571028,0.4831096883197006,868.3387519623235,868.4776373626374,0.1388854003139386,868.4226235827664,868.4776373626374,0.05501377987104661,868.5773894557824,0.08387162044289198,0.09975209314495714,0.08387162044289198
bte03_20160531.TextGrid,kembt,873.5620918367347,874.2579201310155,0.6958282942807728,873.6800754404327,873.839798185941,0.15972274550836119,873.7809063118918,873.9912840136055,0.2103777017136963,874.2412607049292,0.10083087145915215,0.24997669132369538,0.10083087145915215
bte03_20160531.TextGrid,kembt,876.8877664399093,877.5543469387756,0.6665804988662103,877.027548900319,877.1934001007811,0.16585120046215707,877.1298130457857,877.3522562358277,0.22244319004198587,877.5056815089672,0.10226414546673368,0.1534252731395327,0.10226414546673368
bte03_20160531.TextGrid,kembt,880.387732426304,880.9886734693878,0.6009410430838216,880.5292150759294,880.6687317784257,0.13951670249628023,880.6287034598786,880.8288049886622,0.20010152878364806,880.9670034013606,0.09948838394916493,0.13819841269832978,0.09948838394916493
tt01_20160527_2.TextGrid,feitt,7.494573934837093,8.017956567242281,0.5233826324051885,7.634732765380295,7.733403832711029,0.09867106733073427,7.724162698412698,7.8457709750566895,0.12160827664399143,7.960653817082388,0.08942993303240332,0.11488284202569865,0.08942993303240332
tt01_20160527_2.TextGrid,feitt,10.691955564276993,11.218560090702947,0.5266045264259542,10.80381814058957,10.907994197679072,0.10417605708950184,10.888116260393046,11.001485260770975,0.1133690003779293,11.125294784580499,0.08429811980347601,0.12380952380952337,0.08429811980347601
tt01_20160527_2.TextGrid,feitt,13.858247669438146,14.419240362811792,0.5609926933736453,14.001333039388594,14.104207314131326,0.10287427474273159,14.085382375172292,14.213656462585035,0.12827408741274304,14.333049886621316,0.084049335783698,0.1193934240362804,0.084049335783698
tt01_20160527_2.TextGrid,punt,17.291205593348455,17.840675736961455,0.5494701436130001,17.424832103053987,17.527696598639455,0.10286449558546806,17.498229905871224,17.647757369614514,0.14952746374328996,17.767458049886624,0.07339780281723662,0.11970068027211056,0.07339780281723662
tt01_20160527_2.TextGrid,punt,20.273204837490553,20.825375180375183,0.5521703428846294,20.39928346626007,20.50737771298996,0.1080942467298911,20.484215757224877,20.625161969549726,0.14094621232484883,20.726115646258506,0.08493229096480803,0.1009536767087802,0.08493229096480803
tt01_20160527_2.TextGrid,punt,23.319240362811794,23.87961966604824,0.560379303236445,23.46305017365596,23.57693770139635,0.11388752774038835,23.55394660894661,23.70878231292517,0.15483570397855928,23.799384920634925,0.09089643529064872,0.09060260770975503,0.09089643529064872
tt01_20160527_2.TextGrid,mjólka,26.56774591240005,27.109365542135222,0.5416196297351732,26.56774591240005,26.786404071207027,0.2186581588069778,26.762014041021306,26.925911564625853,0.1638975236045468,27.01394935752079,0.19426812862125686,0.08803779289493718,0.19426812862125686
tt01_20160527_2.TextGrid,mjólka,29.485031640563204,30.040731046041607,0.5556994054784035,29.485031640563204,29.704496274700357,0.21946463413715378,29.67825878934174,29.851266148364108,0.17300735902236752,29.93140211640212,0.19322714877853642,0.08013596803801093,0.19322714877853642
tt01_20160527_2.TextGrid,mjólka,32.543833144368854,33.09419559777934,0.5503624534104858,32.543833144368854,32.77576042454019,0.2319272801713339,32.734228177252206,32.90003035168519,0.16580217443298295,32.98160997732426,0.1903950328833517,0.08157962563907262,0.1903950328833517
tt01_20160527_2.TextGrid,kinn,35.55264172335601,35.946998953427524,0.39435723007151324,35.71100103014428,35.946998953427524,0.23599792328324298,35.78718794079312,35.946998953427524,0.15981101263440678,,0.0761869106488362,,0.0761869106488362
tt01_20160527_2.TextGrid,kinn,38.519730590648955,38.92593121693121,0.4062006262822564,38.66935978835979,38.92593121693121,0.25657142857141935,38.76242821804046,38.92593121693121,0.16350299889074904,,0.0930684296806703,,0.0930684296806703
tt01_20160527_2.TextGrid,kinn,41.67978251906823,42.09296254304191,0.41318002397367337,41.844206349206345,42.09296254304191,0.24875619383556113,41.93103406824577,42.09296254304191,0.16192847479613448,,0.08682771903942665,,0.08682771903942665
tt01_20160527_2.TextGrid,gogg,44.86251020408163,45.44667409492532,0.5841638908436906,45.029390350517716,45.12396501457726,0.09457466405954307,,,,45.32908163265306,,0.20511661807579884,0.09457466405954307
tt01_20160527_2.TextGrid,gogg,48.08562547241118,48.64488423439551,0.5592587619843314,48.268406436217894,48.36557993404932,0.09717349783142737,,,,48.57017573696145,,0.20459580291213086,0.09717349783142737
tt01_20160527_2.TextGrid,gogg,51.33272005772006,51.84305943430004,0.510339376579978,51.49603837325833,51.5850989142175,0.08906054095916716,,,,51.76360544217687,,0.17850652795937094,0.08906054095916716
tt01_20160527_2.TextGrid,kopp,54.512195011337866,55.052233560090706,0.5400385487528396,54.66560963205584,54.76130369290573,0.09569406084988685,54.743778366177025,54.87657699443414,0.1327986282571132,54.98495284886442,0.07816873412118497,0.1083758544302782,0.07816873412118497
tt01_20160527_2.TextGrid,kopp,57.231249433106576,57.73955782312925,0.5083083900226768,57.38067429129149,57.463084173428406,0.0824098821369148,57.452981141556556,57.56618669690098,0.11320555534442178,57.67100907029479,0.07230685026506478,0.10482237339380873,0.07230685026506478
tt01_20160527_2.TextGrid,kopp,60.08237501349746,60.630714285714284,0.5483392722168219,60.24855194660024,60.330818667547994,0.08226672094775722,60.31834828101644,60.42937641723356,0.11102813621712215,60.5476455026455,0.06979633441620336,0.11826908541193859,0.06979633441620336
tt01_20160527_2.TextGrid,nafla,63.171941504997065,63.707462422094586,0.5355209170975215,63.171941504997065,63.35144794887652,0.17950644387945403,,,,63.54750080984775,,0.19605286097122843,0.17950644387945403
tt01_20160527_2.TextGrid,nafla,65.88170260557054,66.41020316659662,0.5285005610260782,65.88170260557054,66.07014582844633,0.18844322287579018,,,,66.25303287981859,,0.18288705137226202,0.18844322287579018
tt01_20160527_2.TextGrid,nafla,68.77434016589092,69.28329276063043,0.5089525947395117,68.77434016589092,68.97323129251701,0.1988911266260942,,,,69.12047052154196,,0.14723922902494735,0.1988911266260942
tt01_20160527_2.TextGrid,hefna,72.09185191590761,72.58773699090027,0.4958850749926569,72.1874682670003,72.26049441999022,0.07302615298992521,,,,72.40175556358237,,0.14126114359214625,0.07302615298992521
tt01_20160527_2.TextGrid,hefna,75.20971243042672,75.65730248981849,0.44759005939177143,75.29256775553672,75.36166378720802,0.06909603167129319,,,,75.4805933484505,,0.11892956124248144,0.06909603167129319
tt01_20160527_2.TextGrid,hefna,78.25512642225031,78.69480783273762,0.43968141048731013,78.34513911871055,78.42245330859618,0.07731418988562666,,,,78.54179988662132,,0.11934657802514437,0.07731418988562666
tt01_20160527_2.TextGrid,ólga,81.54767573696145,81.98229350486069,0.43461776789924045,81.54767573696145,81.73104932794375,0.1833735909822991,81.64070447654719,81.73104932794375,0.09034485139656567,81.87147014361301,0.09302873958573343,0.140420815669259,0.09302873958573343
tt01_20160527_2.TextGrid,ólga,84.55510252327882,84.99409966526294,0.43899714198411743,84.55510252327882,84.73796460613231,0.18286208285348948,84.65330278853752,84.73796460613231,0.08466181759479241,84.88605215419501,0.09820026525869707,0.14808754806270485,0.09820026525869707
tt01_20160527_2.TextGrid,ólga,87.61218020541551,88.03249437518198,0.4203141697664705,87.61218020541551,87.79957322878262,0.1873930233671075,87.71280496859511,87.79957322878262,0.08676826018751171,87.92275510204082,0.10062476317959579,0.12318187325820418,0.10062476317959579
tt01_20160527_2.TextGrid,vott,90.77972610096671,91.28337868480727,0.5036525838405623,90.84118143415206,90.93744792762467,0.09626649347261207,90.92305677953,91.07682312925171,0.15376634972170677,91.20209750566895,0.08187534537793795,0.12527437641723793,0.08187534537793795
tt01_20160527_2.TextGrid,vott,93.9074754346183,94.45422052154196,0.5467450869236501,93.9074754346183,94.09889982893743,0.19142439431912806,94.07387589492727,94.23761678004536,0.16374088511808793,94.36112811791384,0.16640046030896372,0.12351133786847868,0.16640046030896372
tt01_20160527_2.TextGrid,vott,97.2471814058957,97.76354875283448,0.5163673469387788,97.2471814058957,97.43334400426838,0.18616259837267535,97.40857286374467,97.58717403628118,0.17860117253651708,97.70210317460318,0.16139145784896414,0.11492913832199747,0.16139145784896414
tt01_20160527_2.TextGrid,dult,100.58793272864702,101.11530338572211,0.527370657075096,100.69388212842073,100.79634272756722,0.10246059914649663,100.76113407509898,100.99317082388511,0.232036748786129,101.09532312925171,0.06725194667825463,0.10215230536660158,0.06725194667825463
tt01_20160527_2.TextGrid,dult,103.60215110286539,104.07924998282142,0.4770988799560314,103.6992972968564,103.79537920118543,0.09608190432902575,103.77721894020767,103.97074963318661,0.1935306929789391,104.06021995464855,0.07792164335127438,0.08947032146193123,0.07792164335127438
tt01_20160527_2.TextGrid,dult,106.75550793650794,107.28639954648527,0.5308916099773313,106.86428854875284,106.9576286020026,0.09334005324976147,106.93945032333922,107.13285643424038,0.1934061109011651,107.22433106575966,0.07516177458637685,0.09147463151927582,0.07516177458637685
tt01_20160527_2.TextGrid,þíddi,109.97034649632211,110.4864082826113,0.5160617862891854,110.07489192213683,110.1411829176115,0.06629099547467376,,,,110.36336734693879,,0.22218442932728522,0.06629099547467376
tt01_20160527_2.TextGrid,þíddi,112.68318655390085,113.20705070062213,0.5238641467212801,112.80113978924904,112.86598742527315,0.06484763602411192,,,,113.08521164021164,,0.21922421493849242,0.06484763602411192
tt01_20160527_2.TextGrid,þíddi,115.85927673847317,116.3368864053558,0.4776096668826284,115.94076515290803,116.01053713151929,0.06977197861125717,,,,116.21839002267575,,0.20785289115646322,0.06977197861125717
tt01_20160527_2.TextGrid,kokk,119.19929120035111,119.75944444444445,0.5601532440933426,119.34760519022424,119.43353844568131,0.0859332554570642,119.426654838512,119.52870748299321,0.10205264448121909,119.61857142857144,0.07904964828775007,0.08986394557823019,0.07904964828775007
tt01_20160527_2.TextGrid,kokk,122.31784282133907,122.8418843537415,0.5240415324024355,122.447915576487,122.56322149659866,0.11530592011165197,122.53180207871628,122.67141219450744,0.13961011579115734,122.76374149659864,0.08388650222927652,0.09232930209120127,0.08388650222927652
tt01_20160527_2.TextGrid,kokk,125.5569249181154,126.11698790627364,0.5600629881582364,125.68053600184035,125.78792239344719,0.1073863916068376,125.76249880492739,125.89451625094483,0.1320174460174428,126.00197278911565,0.08196280308703763,0.10745653817082257,0.08196280308703763
tt01_20160527_2.TextGrid,vanta,128.7382275132275,129.22216396903588,0.48393645580836164,128.7382275132275,128.87319760285067,0.1349700896231525,128.8563696325091,129.03420634920633,0.177836716697243,129.1184618291761,0.11814211928157192,0.08425547996978366,0.11814211928157192
tt01_20160527_2.TextGrid,vanta,131.56642790449513,132.07018140589568,0.5037535014005528,131.56642790449513,131.6997819740923,0.13335406959717488,131.6837819422641,131.86662131519273,0.1828393729286404,131.94931846812798,0.11735403776896192,0.08269715293525337,0.11735403776896192
tt01_20160527_2.TextGrid,vanta,134.560291005291,135.05846825396824,0.4981772486772513,134.560291005291,134.69671060090704,0.13641959561604722,134.684107604041,134.86774376417233,0.18363616013132855,134.9474640967498,0.12381659875001105,0.07972033257746602,0.12381659875001105
tt01_20160527_2.TextGrid,gelta,137.78487717309145,138.31006406578695,0.5251868926955012,137.87350085725348,137.97452942446822,0.1010285672147404,137.9554736119643,138.11868480725622,0.16321119529192174,138.21592970521542,0.08197275471081866,0.09724489795920022,0.08197275471081866
tt01_20160527_2.TextGrid,gelta,140.5602251376741,141.07928104575163,0.5190559080775188,140.6358084128506,140.7481266861976,0.11231827334700029,140.72154577754668,140.87106701940033,0.14952124185364823,140.96285714285713,0.08573736469608662,0.09179012345680349,0.08573736469608662
tt01_20160527_2.TextGrid,gelta,143.40358343337334,143.90290873351313,0.4993253001397875,143.46716806722688,143.5656754798139,0.09850741258702556,143.54942892946653,143.69803476946333,0.14860583999680443,143.78333333333333,0.08226086223965012,0.08529856386999768,0.08226086223965012
tt01_20160527_2.TextGrid,feits,146.46254998969286,147.13767573696146,0.675125747268595,146.63226685383148,146.80412698412698,0.1718601302954994,,,,146.90155328798184,,0.09742630385485995,0.1718601302954994
tt01_20160527_2.TextGrid,feits,149.64127822143348,150.2283413365346,0.587063115101131,149.76623801901712,149.95715379719138,0.19091577817425787,,,,150.04719954648525,,0.09004574929386422,0.19091577817425787
tt01_20160527_2.TextGrid,feits,152.64766213151927,153.2747006802721,0.6270385487528358,152.78322010996177,152.9609610510871,0.1777409411253359,,,,153.04403250188963,,0.08307145080252099,0.1777409411253359
tt01_20160527_2.TextGrid,dögg,155.78590136054422,156.31943310657596,0.5335317460317412,155.92216482426304,156.03277819006388,0.11061336580084458,,,,156.21140211640213,,0.17862392633824697,0.11061336580084458
tt01_20160527_2.TextGrid,dögg,158.49891836734693,159.02282029478457,0.5239019274376346,158.62999118165786,158.74832199546483,0.11833081380697763,,,,158.94098639455783,,0.19266439909299038,0.11833081380697763
tt01_20160527_2.TextGrid,dögg,161.4604231292517,161.9742365835223,0.5138134542706041,161.55993539214626,161.65217709305944,0.09224170091317774,,,,161.8384580498866,,0.18628095682717571,0.09224170091317774
tt01_20160527_2.TextGrid,dögg,166.8560034665207,167.27212151527277,0.41611804875208236,166.9590380734195,167.04466634272757,0.08562826930807432,,,,167.2167006802721,,0.17203433754454522,0.08562826930807432
tt01_20160527_2.TextGrid,kembt,169.6388721437293,170.17234369938453,0.5334715556552396,169.755885894811,169.87237408094552,0.11648818613451795,169.83644229334323,169.97919501133785,0.1427527179946253,170.08137188208616,0.08055639853222374,0.10217687074830906,0.08055639853222374
tt01_20160527_2.TextGrid,kembt,172.81590702947844,173.44989795918366,0.6339909297052202,172.93992202424369,173.05467106842738,0.11474904418369647,173.02812962858272,173.1883424036281,0.16021277504538034,173.28947845804987,0.08820760433903274,0.10113605442177231,0.08820760433903274
tt01_20160527_2.TextGrid, kembt,175.84194849368316,176.4672978080121,0.625349314328929,175.9675077783051,176.09492014196982,0.12741236366471753,176.05074460087064,176.22880952380953,0.1780649229388871,176.31695011337868,0.08323682256553866,0.08814058956915005,0.08323682256553866
tt01_20160527_2.TextGrid,vídd,178.89967422524563,179.46974206349205,0.5700678382464162,178.89967422524563,179.09163048740095,0.19195626215531547,,,,179.32619047619045,,0.23455998878949913,0.19195626215531547
tt01_20160527_2.TextGrid,vídd,181.99343438824803,182.5798299319728,0.5863955437247625,181.99343438824803,182.15739134542707,0.1639569571790389,,,,182.4040702947846,,0.24667894935751633,0.1639569571790389
tt01_20160527_2.TextGrid,vídd,185.03149698960044,185.5162873339812,0.4847903443807695,185.03149698960044,185.17917700413497,0.1476800145345294,,,,185.3916364323507,,0.2124594282157375,0.1476800145345294
tt01_20160527_2.TextGrid,takka,187.8655257936508,188.3986389809972,0.5331131873464017,187.98461347501961,188.06896371882087,0.08435024380125355,188.05602085830193,188.1929969765684,0.1369761182664604,188.2957105064248,0.07140738328232032,0.10271352985640192,0.07140738328232032
tt01_20160527_2.TextGrid,takka,190.59698859341717,191.11777920550935,0.5207906120921848,190.69890803014863,190.83037808012094,0.13147004997230738,190.80471447082235,190.90772775776978,0.10301328694743006,190.99663265306123,0.10580644067371736,0.08890489529144929,0.10580644067371736
tt01_20160527_2.TextGrid,takka,193.4039518770471,193.95008919123202,0.5461373141849322,193.5219194378259,193.64341948962326,0.12150005179736922,193.616402406607,193.730286686103,0.11388427949600555,193.82097127739985,0.09448296878110796,0.09068459129684925,0.09448296878110796
tt01_20160527_2.TextGrid,sætt,196.23704010770976,196.80238797106142,0.5653478633516613,196.3925054005823,196.47744056596997,0.08493516538766244,196.4626948051948,196.6282613045218,0.16556649932701362,196.7307596371882,0.0701894046124778,0.10249833266641417,0.0701894046124778
tt01_20160527_2.TextGrid,sætt,199.07490702947845,199.60989543965732,0.5349884101788689,199.1950120320237,199.2970770179417,0.10206498591799118,199.27983225228076,199.42719363107562,0.14736137879486932,199.5316893424036,0.0848202202570576,0.10449571132798496,0.0848202202570576
tt01_20160527_2.TextGrid,sætt,201.88722564497496,202.3684860830779,0.48126043810293595,202.01618172983478,202.11058333333332,0.09440160349853954,202.08632743414418,202.23890822995864,0.15258079581445827,202.32684807256237,0.0701457043093967,0.08793984260373122,0.0701457043093967
tt01_20160527_2.TextGrid,punta,204.7886841403228,205.28528742443675,0.49660328411394516,204.8949247165533,204.98538812424192,0.09046340768861683,204.9533545872797,205.12366213151927,0.17030754423956296,205.21226757369612,0.05842987072639971,0.08860544217685629,0.05842987072639971
tt01_20160527_2.TextGrid,punta,207.43136968766,208.00469014488345,0.5733204572234456,207.55859654410287,207.65054403182037,0.09194748771750483,207.62550912996778,207.79341723356006,0.16790810359228203,207.88971655328797,0.06691258586491244,0.09629931972790473,0.06691258586491244
tt01_20160527_2.TextGrid,punta,210.31303654795252,210.874283057714,0.5612465097614745,210.44188460569413,210.53687321305333,0.09498860735919834,210.50138023630504,210.6716364323507,0.17025619604567055,210.75455404383976,0.05949563061091112,0.08291761148905152,0.05949563061091112
tt01_20160527_2.TextGrid,fæddi,213.31922996976567,213.83666269917566,0.5174327294099896,213.41579685746353,213.50628999748045,0.09049314001691755,,,,213.73031746031745,,0.22402746283700026,0.09049314001691755
tt01_20160527_2.TextGrid,fæddi,216.02229692790357,216.56442444334849,0.5421275154449177,216.1478653248241,216.2494842652508,0.10161894042670383,,,,216.47014739229024,,0.2206631270394439,0.10161894042670383
tt01_20160527_2.TextGrid,fæddi,219.01447151649776,219.54787957990214,0.5334080634043801,219.11639009702242,219.25928382464096,0.14289372761854224,,,,219.43238095238092,,0.17309712773996466,0.14289372761854224
tt01_20160527_2.TextGrid,kamb,221.8826587301587,222.339589569161,0.4569308390022968,222.0034667637069,222.2161224489796,0.21265568527269352,222.10497594452244,222.2161224489796,0.11114650445716734,222.31827437641724,0.10150918081552618,0.10215192743763168,0.10150918081552618
tt01_20160527_2.TextGrid,kamb,224.3448866213152,224.80476284958428,0.45987622826908137,224.4576928022068,224.67685185185184,0.21915904964504307,224.54342439569487,224.67685185185184,0.13342745615696572,224.78702569916857,0.08573159348807735,0.11017384731673019,0.08573159348807735
tt01_20160527_2.TextGrid,kamb,227.15243961352655,227.69483597883598,0.542396365309429,227.27323624629338,227.5155139833711,0.24227773707772826,227.37883376339042,227.5155139833711,0.1366802199806898,227.6801543694401,0.10559751709703846,0.16464038606898157,0.10559751709703846
tt01_20160527_2.TextGrid,ótt,230.4435260770975,230.82420047031158,0.38067439321409324,230.4435260770975,230.54278911564626,0.09926303854877006,230.51010224510225,230.68112244897958,0.1710202038773332,,0.06657616800475807,,0.06657616800475807
tt01_20160527_2.TextGrid,ótt,232.92134693877549,233.30077475434618,0.3794278155706934,232.92134693877549,233.0571215737757,0.13577463500021736,233.02359630064942,233.15283284742466,0.1292365467752461,233.25478080120936,0.10224936187393041,0.1019479537847019,0.10224936187393041
tt01_20160527_2.TextGrid,ótt,235.8789511695089,236.22889644746786,0.349945277958966,235.8789511695089,236.00427437641724,0.12532320690834808,235.97421258714144,236.0913306534735,0.11711806633206834,236.19291836734692,0.09526141763254259,0.10158771387341403,0.09526141763254259
tt01_20160527_2.TextGrid,vots,238.76375132275132,239.24726045973946,0.4835091369881468,238.76375132275132,239.02019620277488,0.25644488002356525,,,,239.08427862811791,,0.06408242534303099,0.25644488002356525
tt01_20160527_2.TextGrid,vots,241.56374905517762,242.03508465608465,0.4713356009070253,241.56374905517762,241.8274233089462,0.2636742537685848,,,,241.89186377114947,,0.06444046220326527,0.2636742537685848
tt01_20160527_2.TextGrid,vots,244.29477648202138,244.78405253812284,0.48927605610145974,244.29477648202138,244.5447670583385,0.24999057631711707,,,,244.62661249685058,,0.08184543851209014,0.24999057631711707
tt01_20160527_2.TextGrid,dökk,247.06627632005183,247.56699346405227,0.500717144000447,247.19960946015834,247.2898622569595,0.09025279680116682,247.26327373970935,247.44366921768707,0.1803954779777257,247.53513605442177,0.06366427955100562,0.09146683673469624,0.06366427955100562
tt01_20160527_2.TextGrid,dökk,249.59287414965985,250.00224363819603,0.4093694885361856,249.68006355447378,249.78268535460163,0.10262180012784938,249.75540428677775,249.9043704148326,0.14896612805486598,249.98191609977323,0.07534073230397098,0.07754568494061687,0.07534073230397098
tt01_20160527_2.TextGrid,dökk,252.42232426303855,252.86705573457454,0.444731471535988,252.5118384143781,252.61893046107332,0.10709204669521455,252.5914122836942,252.74123582766438,0.1498235439701716,252.82710884353742,0.079573869316107,0.08587301587303386,0.079573869316107
tt01_20160527_2.TextGrid,gedda,255.51796900982615,256.03092088904526,0.5129518792191163,255.62079257766206,255.69647104344384,0.0756784657817775,,,,255.92548752834466,,0.22901648490082493,0.0756784657817775
tt01_20160527_2.TextGrid,gedda,258.0324744897959,258.49781917151347,0.4653446817175677,258.10524074300383,258.1909357076164,0.08569496461257131,,,,258.4009552154195,,0.21001950780311063,0.08569496461257131
tt01_20160527_2.TextGrid,gedda,260.6747619047619,261.13759637188207,0.4628344671201603,260.74403956751786,260.83460336677047,0.09056379925260671,,,,261.0194943310658,,0.18489096429533447,0.09056379925260671
tt01_20160527_2.TextGrid,odd,263.64111678004537,263.99952853363567,0.3584117535903033,263.64111678004537,263.73915480711713,0.09803802707176601,,,,263.9421315192744,,0.20297671215729451,0.09803802707176601
tt01_20160527_2.TextGrid,odd,266.58399546485265,266.9509240362812,0.3669285714285593,266.58399546485265,266.69563564049963,0.1116401756469827,,,,266.89168934240365,,0.19605370190402027,0.1116401756469827
tt01_20160527_2.TextGrid,odd,269.3036718566737,269.62376802721093,0.3200961705372265,269.3036718566737,269.40502478510786,0.101352928434153,,,,269.59264928193505,,0.18762449682719762,0.101352928434153
tt01_20160527_2.TextGrid,japla,272.13594398253133,272.5736374305934,0.43769344806207755,272.13594398253133,272.2777300837691,0.1417861012377557,272.25965794976,272.377833207357,0.1181752575969881,272.4611541950114,0.12371396722869576,0.08332098765436058,0.12371396722869576
tt01_20160527_2.TextGrid,japla,274.59534892290253,275.0752605073037,0.4799115844011794,274.59534892290253,274.7778242505794,0.1824753276768547,274.7529978902428,274.87133065347354,0.1183327632307396,274.954642421071,0.1576489673402648,0.08331176759747905,0.1576489673402648
tt01_20160527_2.TextGrid,japla,277.25729599821153,277.77713432395325,0.5198383257417163,277.25729599821153,277.45702731474273,0.19973131653119935,277.43467871792916,277.56304988662134,0.12837116869218335,277.6471558147068,0.17738271971762742,0.0841059280854779,0.17738271971762742
tt01_20160527_2.TextGrid,kamba,280.31371995464855,280.81541682127397,0.5016968666254229,280.424501981478,280.632264239029,0.2077622575509963,280.5266649413389,280.632264239029,0.10559929769010523,280.7348088759314,0.10216295986089108,0.1025446369023939,0.10216295986089108
tt01_20160527_2.TextGrid,kamba,283.3305076845553,283.85440011709454,0.5238924325392418,283.4451966873706,283.65478391356544,0.2095872261948557,283.5291452696367,283.65478391356544,0.12563864392876667,283.75799697656845,0.08394858226608903,0.10321306300301103,0.08394858226608903
tt01_20160527_2.TextGrid,kamba,286.50502354788074,286.97630980617026,0.4712862582895241,286.6097798259089,286.7943567251462,0.18457689923729959,286.6894762377173,286.7943567251462,0.10488048742888623,286.89502574002574,0.07969641180841336,0.10066901487954283,0.07969641180841336
tt01_20160527_2.TextGrid,orga,289.5791229768804,290.035526425955,0.45640344907462804,289.5791229768804,289.78877255249927,0.20964957561886877,289.70394836623177,289.78877255249927,0.08482418626749677,289.92239229024943,0.124825389351372,0.13361973775016622,0.124825389351372
tt01_20160527_2.TextGrid,orga,292.2648252369061,292.68716008563575,0.42233484872963345,292.2648252369061,292.44379509379513,0.17896985688901168,292.36805027095585,292.44379509379513,0.07574482283928319,292.5379906777526,0.10322503404972849,0.09419558395745753,0.10322503404972849
tt01_20160527_2.TextGrid,orga,295.05318746257524,295.4889785136959,0.43579105112064553,295.05318746257524,295.2574766329296,0.20428917035434324,295.1869059100434,295.2574766329296,0.07057072288620247,295.35469207379924,0.13371844746814077,0.09721544086966105,0.13371844746814077
tt01_20160527_2.TextGrid,kamp,298.1520422335601,298.5898299319728,0.4377876984127056,298.2606692628743,298.3510893801965,0.09042011732225319,298.3350054899153,298.48827664399096,0.15327115407563952,298.5654664723032,0.07433622704104437,0.07718982831227095,0.07433622704104437
tt01_20160527_2.TextGrid,kamp,300.95767985982275,301.39746409674984,0.4397842369270961,301.05599405527977,301.1744739229025,0.11847986762273877,301.1411022802961,301.2918216175359,0.15071933723982056,301.37868102796676,0.0851082250163131,0.08685941043086132,0.0851082250163131
tt01_20160527_2.TextGrid,kamp,303.9978089569161,304.4520654173619,0.4542564604457766,304.1192643594655,304.23909674981104,0.11983239034555027,304.19490142414156,304.3626984126985,0.1677969885569155,304.4298639455783,0.0756370646760729,0.06716553287981242,0.0756370646760729
tt01_20160527_2.TextGrid,kagga,307.4441587301588,307.92205168825524,0.4778929580964473,307.5548726928952,307.6435941043084,0.08872141141324619,,,,307.8120249433107,,0.1684308390022693,0.08872141141324619
tt01_20160527_2.TextGrid,kagga,310.5739569160998,311.020212861889,0.4462559457891757,310.6788632295024,310.7696962644707,0.09083303496834105,,,,310.9228835978836,,0.15318733341285906,0.09083303496834105
tt01_20160527_2.TextGrid,kagga,313.82586477015053,314.29241567215126,0.46655090200073346,313.9441755918054,314.02855816400637,0.08438257220097967,,,,314.19089569161,,0.16233752760365405,0.08438257220097967
tt01_20160527_2.TextGrid,tipla,317.26532069970847,317.7808332893881,0.5155125896796449,317.3822611386897,317.4780175322162,0.09575639352647158,317.4524890863375,317.5384929356358,0.08600384929832217,317.64018140589576,0.07022794764776563,0.1016884702599441,0.07022794764776563
tt01_20160527_2.TextGrid,tipla,320.11992743764176,320.5886697636253,0.4687423259835555,320.22616721256406,320.31691148064164,0.09074426807757163,320.3045130812182,320.3867063492064,0.08219326798820248,320.4695464852608,0.0783458686541394,0.08284013605441487,0.0783458686541394
tt01_20160527_2.TextGrid,tipla,323.035860260771,323.5861173521397,0.5502570913686782,323.14295768730506,323.247430713026,0.10447302572094941,323.23672941590434,323.29440665154954,0.05767723564520111,323.378537414966,0.09377172859927896,0.08413076341645365,0.09377172859927896
tt01_20160527_2.TextGrid,sets,326.1832993197279,326.6338212159864,0.4505218962585218,326.30162486807325,326.4428866213152,0.1412617532419631,,,,326.4948912177484,,0.05200459643316435,0.1412617532419631
tt01_20160527_2.TextGrid,sets,328.9271539042968,329.4061755689931,0.4790216646962904,329.0385740740741,329.21280401049313,0.1742299364190103,,,,,,2.880870489609947,0.1742299364190103
tt01_20160527_2.TextGrid,sets,331.7572607709751,332.243731492597,0.48647072162191307,331.86991625693184,332.0234280240832,0.15351176715137171,,,,332.0936745001031,,0.07024647601986089,0.15351176715137171
tt01_20160527_2.TextGrid,fætt,335.25921906974173,335.6801432942655,0.4209242245237874,335.3503691568371,335.4353528827705,0.08498372593339809,335.42239618406285,335.55561323079957,0.13321704673671775,335.65227437641727,0.07202702722577214,0.096661145617702,0.07202702722577214
tt01_20160527_2.TextGrid,fætt,338.01470689510376,338.44808282042976,0.4333759253260041,338.1118246039675,338.2111746841594,0.09935008019192537,338.1883449188737,338.32599348072563,0.1376485618519041,338.4188911564626,0.07652031490624722,0.09289767573699237,0.07652031490624722
tt01_20160527_2.TextGrid,fætt,340.80260556474843,341.2477499590902,0.445144394341753,340.8945456255172,341.0111302064686,0.11658458095138258,340.9847542051647,341.1177059712774,0.13295176611273973,341.21516628873775,0.09020857964748075,0.09746031746033168,0.09020857964748075
tt01_20160527_2.TextGrid,vítt,343.8158779761905,344.3104648526077,0.4945868764172019,343.8158779761905,343.984681450455,0.16880347426450726,343.94466503190426,344.09679773242635,0.15213270052208827,344.2057256235828,0.12878705571375804,0.10892789115644064,0.12878705571375804
tt01_20160527_2.TextGrid,vítt,346.87957142857147,347.2550547996977,0.3754833711262222,346.87957142857147,347.03848104056436,0.15890961199289677,347.00426309983453,347.13914210128496,0.13487900145042886,347.23493326073975,0.12469167126306502,0.09579115945479089,0.12469167126306502
tt01_20160527_2.TextGrid,vítt,349.76272848269747,350.1398687194176,0.37714023672015173,349.76272848269747,349.92582325924,0.16309477654255033,349.8821120745362,350.0276044703596,0.14549239582339624,350.1135837060423,0.11938359183875491,0.08597923568265742,0.11938359183875491
tt01_20160527_2.TextGrid,punda,352.48890670553936,353.0399741845456,0.5510674790062353,352.59427251415866,352.7701927437642,0.17592022960553777,352.66754546716646,352.7701927437642,0.10264727659773598,352.8524376417234,0.07327295300780179,0.08224489795918544,0.07327295300780179
tt01_20160527_2.TextGrid,punda,354.8827907353418,355.4556684981685,0.5728777628266926,355.0034504141793,355.19773728539036,0.19428687121103394,355.0917089607379,355.19773728539036,0.10602832465247047,355.2829969765684,0.08825854655856347,0.08525969117806653,0.08825854655856347
tt01_20160527_2.TextGrid,punda,357.7492695173308,358.321669973545,0.5724004562142113,357.84632911644195,358.0296513605442,0.18332224410227127,357.93496262702615,358.0296513605442,0.09468873351806906,358.13258570094706,0.08863351058420221,0.10293434040283955,0.08863351058420221
tt01_20160527_2.TextGrid,ýtt,361.35854757369617,361.714485812343,0.3559382386468428,361.35854757369617,361.49012095034095,0.13157337664478064,361.464884578456,361.5839644746788,0.11907989622278592,361.70352607709754,0.10633700475983687,0.11956160241874159,0.10633700475983687
tt01_20160527_2.TextGrid,ýtt,364.33492165942687,364.65410782703884,0.31918616761197427,364.33492165942687,364.4796643518519,0.1447426924250408,364.45374058321204,364.55335688121403,0.09961629800199034,364.64493197278915,0.11881892378517023,0.09157509157512322,0.11881892378517023
tt01_20160527_2.TextGrid,ýtt,367.4760184645287,367.88901827397626,0.41299980944756953,367.4760184645287,367.6211785415921,0.1451600770633945,367.60634718828203,367.72614250828536,0.11979532000333393,367.82953514739233,0.13032872375333682,0.10339263910697127,0.13032872375333682
tt01_20160527_2.TextGrid,duld,370.5394708994709,371.00631746031746,0.466846560846534,370.6280158730159,370.8625356470272,0.23451977401128943,370.7304547054743,370.88867544119097,0.15822073571666806,370.9855442176871,0.1024388324584038,0.09686877649613734,0.1024388324584038
tt01_20160527_2.TextGrid,duld,373.6182399626517,374.073008115527,0.4547681528752605,373.70196305017737,373.93360914105597,0.23164609087859844,373.8031542550795,373.9485794317727,0.14542517669320887,374.04763038548754,0.10119120490213618,0.09905095371482275,0.10119120490213618
tt01_20160527_2.TextGrid,duld,376.1399977324263,376.6205260770975,0.48052834467119965,376.22540231146223,376.4454971921655,0.22009488070324323,376.32311993444245,376.4764153439154,0.15329540947294618,376.5596575963719,0.09771762298021258,0.08324225245650041,0.09771762298021258
tt01_20160527_2.TextGrid,pund,379.40393707482997,379.89395115423224,0.4900140794022718,379.5248064463881,379.7583681027967,0.23356165640859672,379.6235064852608,379.7583681027967,0.13486161753587567,379.8518329554044,0.09870003887272105,0.09346485260772397,0.09870003887272105
tt01_20160527_2.TextGrid,pund,382.3583612419327,382.89593272864704,0.5375714867143415,382.49019772744265,382.72159340659346,0.2313956791508076,382.5924942373644,382.72159340659346,0.1290991692290504,382.82339002267577,0.1022965099217572,0.10179661608231072,0.1022965099217572
tt01_20160527_2.TextGrid,pund,385.5870073426196,386.0305974184546,0.4435900758350044,385.71588475508196,385.9272877299068,0.21140297482486403,385.80483722060256,385.9272877299068,0.12245050930425805,386.0202721088435,0.08895246552060598,0.09298437893670553,0.08895246552060598
tt01_20160527_2.TextGrid,kemba,388.53265404712613,389.0855786848073,0.5529246376811443,388.6207256823282,388.81732804232803,0.19660235999981523,388.7164045197367,388.81732804232803,0.10092352259130166,388.9042517006803,0.09567883740851357,0.08692365835224791,0.09567883740851357
tt01_20160527_2.TextGrid,kemba,391.4407840572126,391.9936525115097,0.5528684542970836,391.5328535573774,391.7277664399093,0.19491288253192351,391.63431376059197,391.7277664399093,0.0934526793173518,391.8031859410431,0.10146020321457172,0.07541950113380835,0.10146020321457172
tt01_20160527_2.TextGrid,kemba,394.34187583877093,394.93100434618293,0.5891285074119992,394.4248412698413,394.61040875999527,0.18556749015397145,394.5332032427615,394.61040875999527,0.07720551723377866,394.71443877551025,0.10836197292019278,0.10403001551497937,0.10836197292019278
tt01_20160527_2.TextGrid,tefla,397.0579563492064,397.5851787894645,0.5272224402581287,397.14965761968887,397.23972789115646,0.09007027146759583,,,,397.37151441528994,,0.13178652413347436,0.09007027146759583
tt01_20160527_2.TextGrid,tefla,399.750252372554,400.2476984126984,0.49744604014443894,399.82296344748727,399.9194399636102,0.09647651612294794,,,,400.0334353741497,,0.1139954105394736,0.09647651612294794
tt01_20160527_2.TextGrid,tefla,402.3049929138322,402.83043908472484,0.5254461708926215,402.40944213128296,402.5026916989018,0.09324956761884096,,,,402.6223434502006,,0.119651751298818,0.09324956761884096
tt01_20160527_2.TextGrid,sett,405.2508355745399,405.7298821485781,0.4790465740381933,405.3695840343306,405.44805998763144,0.07847595330082413,405.4282581949999,405.5726895943563,0.14443139935639238,405.6794834409348,0.05867416066928399,0.10679384657851188,0.05867416066928399
tt01_20160527_2.TextGrid,sett,408.0597441960912,408.5217051820728,0.4619609859816478,408.1756889696518,408.25699383406334,0.08130486441154972,408.2475409807689,408.3919308016247,0.14438982085579255,408.4915136054422,0.07185201111713013,0.09958280381749773,0.07185201111713013
tt01_20160527_2.TextGrid,sett,411.39651020408166,411.82023387649633,0.4237236724146669,411.50168116426903,411.59903800951275,0.09735684524372346,411.5737187816303,411.7097921390779,0.13607335744757165,411.79589191232054,0.0720376173612749,0.08609977324266538,0.0720376173612749
tt01_20160527_2.TextGrid,kubb,414.53487394957983,414.9426156882506,0.40774173867077934,414.65937812119074,414.75134987328266,0.0919717520919221,,,,414.92964852607713,,0.17829865279446722,0.0919717520919221
tt01_20160527_2.TextGrid,kubb,417.494003551106,417.8889002267574,0.3948966756514096,417.6038619047619,417.6984409470003,0.09457904223836522,,,,417.8738412698413,,0.17540032284102836,0.09457904223836522
tt01_20160527_2.TextGrid,kubb,420.69262259070297,421.0890053597197,0.396382769016725,420.8067120739922,420.89887203530066,0.09215996130848225,,,,421.0666326530613,,0.1677606177606208,0.09215996130848225
tt01_20160527_2.TextGrid,orka,424.06318071361466,424.5132479633829,0.4500672497682672,424.06318071361466,424.1945556635353,0.13137494992065513,424.16761720482504,424.31026643990936,0.14264923508432048,424.3904324586978,0.10443649121037879,0.08016601878841811,0.10443649121037879
tt01_20160527_2.TextGrid,orka,426.9222154769081,427.3199730884151,0.3977576115070178,426.9222154769081,427.01980871918664,0.09759324227854904,426.99692581794625,427.1117748917749,0.1148490738286796,427.20024427953007,0.07471034103815555,0.0884693877551399,0.07471034103815555
tt01_20160527_2.TextGrid,orka,429.8714473249918,430.29976880451073,0.4283214795189565,429.8714473249918,429.9960717828798,0.12462445788804644,429.9793155552184,430.1167928949358,0.13747733971740672,430.2030782312926,0.10786823022664294,0.0862853363567524,0.10786823022664294
tt01_20160527_2.TextGrid,þítt,433.0174508181651,433.40564751826656,0.3881967001014459,433.1037883597884,433.1936009880143,0.08981262822589997,433.1762042263714,433.2740136054422,0.09780937907078169,433.37783446712024,0.07241586658301458,0.10382086167805937,0.07241586658301458
tt01_20160527_2.TextGrid,þítt,435.8412008692366,436.26986861411234,0.42866774487572457,435.9310321369927,436.0305730971634,0.09954096017071379,436.006273248505,436.1238712522046,0.11759800369958384,436.2360052910053,0.07524111151229818,0.11213403880071837,0.07524111151229818
tt01_20160527_2.TextGrid,þítt,438.7479961231805,439.1782857142858,0.43028959110529286,438.8233800590944,438.9323577493013,0.10897769020687065,438.91193861749116,439.0352947845805,0.12335616708935504,439.13975434618294,0.08855855839675542,0.10445956160242531,0.08855855839675542
tt01_20160527_2.TextGrid,sæts,442.0507948601663,442.50964209564427,0.4588472354779469,442.1447318462269,442.3181746031746,0.17344275694773614,,,,442.37022959183673,,0.052054988662121104,0.17344275694773614
tt01_20160527_2.TextGrid,sæts,444.8607664001273,445.33409175884094,0.47332535871362325,444.95805686377116,445.15564571860494,0.19758885483378208,,,,445.21023809523814,,0.05459237663319527,0.19758885483378208
tt01_20160527_2.TextGrid,sæts,447.58439981055716,448.03070755986016,0.44630774930300277,447.68979511489636,447.8688425925926,0.17904747769625828,,,,447.9184528963101,,0.049610303717486204,0.17904747769625828
tt01_20160527_2.TextGrid,vanda,450.99032662380023,451.5348113699758,0.5444847461755558,450.99032662380023,451.23771525753165,0.2473886337314184,451.12462718743933,451.23771525753165,0.11308807009231714,451.3447324263039,0.13430056363910126,0.10701716877224499,0.13430056363910126
tt01_20160527_2.TextGrid,vanda,453.7565043828477,454.2051459828295,0.44864159998178366,453.7565043828477,453.9946031746032,0.2380987917554762,453.8829738131812,453.9946031746032,0.11162936142198987,454.08544595616024,0.12646943033348634,0.0908427815570576,0.12646943033348634
tt01_20160527_2.TextGrid,kafli,459.8705715619582,460.37303086036513,0.5024592984069614,459.9794481172751,460.0715766835835,0.09212856630836086,,,,460.22409297052155,,0.15251628693806651,0.09212856630836086
tt01_20160527_2.TextGrid,kafli,462.64571428571435,463.1014163171927,0.45570203147832444,462.7393965734442,462.8280842781557,0.08868770471150356,,,,462.96984126984125,,0.1417569916855541,0.08868770471150356
tt01_20160527_2.TextGrid,kafli,465.4663412698413,465.93262353205904,0.46628226221776004,465.57107220831335,465.65608465608466,0.08501244777130523,,,,465.803223733938,,0.14713907785335323,0.08501244777130523
tt01_20160527_2.TextGrid,fínn,468.4009459852317,468.772645211931,0.37169922669926336,468.5026044553624,468.5951128633272,0.09250840796477178,,,,468.7247278911565,,0.12961502782928846,0.09250840796477178
tt01_20160527_2.TextGrid,fínn,471.07584091180337,471.43494390738755,0.35910299558418046,471.1661708925995,471.25337773998496,0.0872068473854597,,,,471.39027588813303,,0.13689814814807733,0.0872068473854597
tt01_20160527_2.TextGrid,fínn,474.20227387251197,474.5575668934241,0.35529302091214277,474.2894518950438,474.38431413661357,0.09486224156978551,,,,474.5136696900983,,0.1293555534847428,0.09486224156978551
tt01_20160527_2.TextGrid,kampa,477.5552060534359,478.14883512544804,0.5936290720121633,477.6424263038549,477.7572025699169,0.11477626606199465,477.7125938442152,477.86549508692366,0.15290124270848082,477.95201436130014,0.0701675403602735,0.0865192743764851,0.0701675403602735
tt01_20160527_2.TextGrid,kampa,480.70054937126366,481.22261692176875,0.5220675505050849,480.7912007013239,480.9077073636472,0.11650666232333151,480.8567119089126,480.9820710506425,0.12535914172991625,481.0472959183674,0.0655112075887132,0.06522486772490765,0.0655112075887132
tt01_20160527_2.TextGrid,kampa,483.9197222222223,484.4741992630386,0.5544770408163231,484.0070468969711,484.1403181544727,0.13327125750163304,484.08668228997954,484.2178854875284,0.13120319754887078,484.2903928237962,0.07963539300845923,0.07250733626779038,0.07963539300845923
tt01_20160527_2.TextGrid,kampa,486.78779323850756,487.3049054421769,0.5171122036693419,486.8656281576958,486.97882633513177,0.1131981774359474,486.9332078979527,487.07227567217365,0.13906777422096184,487.14424036281184,0.06757974025686053,0.07196469063819677,0.06757974025686053
tt01_20160527_2.TextGrid,kapli,489.78111935683364,490.35849049964816,0.5773711428145134,489.88314982783237,489.9798622049097,0.09671237707732416,489.9662409972625,490.0663221698936,0.10008117263112126,490.1415646258504,0.0830911694301335,0.07524245595675438,0.0830911694301335
tt01_20160527_2.TextGrid,kapli,493.0414861678005,493.6195792031098,0.5780930353093368,493.14935449147237,493.27049519338254,0.12114070191017845,493.2386710159474,493.323605673562,0.08493465761461039,493.41232102364756,0.08931652447500937,0.08871535008557885,0.08931652447500937
tt01_20160527_2.TextGrid,kapli,496.4755203162346,497.0346073517127,0.5590870354780577,496.55556768906393,496.6837608312246,0.12819314216068278,496.63862948489094,496.7239459981524,0.08531651326143219,496.8051451247166,0.08306179582700679,0.08119912656422912,0.08306179582700679
tt01_20160527_2.TextGrid,vopna,500.1294700650824,500.6934883987265,0.5640183336441282,500.18738437328955,500.29389027719935,0.10650590390980597,500.2780840915832,500.3893083900227,0.11122429843948112,500.4378004535148,0.09069971829364931,0.04849206349211954,0.09069971829364931
tt01_20160527_2.TextGrid,vopna,503.4945642844952,504.05734083376944,0.5627765492742469,503.4945642844952,503.658291596832,0.16372731233678905,503.64220661211345,503.7382426303855,0.09603601827205921,503.7905839002268,0.14764232761825724,0.052341269841292615,0.14764232761825724
tt01_20160527_2.TextGrid,vopna,506.7525163126475,507.29907029478466,0.5465539821371408,506.7525163126475,506.9182489864633,0.16573267381579626,506.8917861781791,506.9936092214664,0.10182304328731107,507.05113378684814,0.13926986553155984,0.057524565381754655,0.13926986553155984
tt01_20160527_2.TextGrid,gelda,510.1433366927018,510.72131585967725,0.5779791669754673,510.2213134441173,510.41214529212135,0.19083184800405206,510.33707940641534,510.4348374480879,0.09775804167253455,510.53105631141347,0.11576596229804181,0.09621886332558915,0.11576596229804181
tt01_20160527_2.TextGrid,gelda,513.1787994007127,513.7705404383976,0.5917410376848693,513.255971207413,513.4528686279707,0.19689742055766146,513.3724075854468,513.4747231173171,0.1023155318703175,513.5660260770975,0.11643637803376805,0.09130295978036429,0.11643637803376805
tt01_20160527_2.TextGrid,gelda,516.382127342165,516.9548496240602,0.5727222818952669,516.457853686704,516.6487730243613,0.19091933765730573,516.5716958872956,516.669021324842,0.0973254375463739,516.7553798185942,0.11384220059164818,0.0863584937521864,0.11384220059164818
tt01_20160527_2.TextGrid,ydd,519.6663477891157,520.0162369614513,0.3498891723356792,519.6663477891157,519.7655698770736,0.09922208795796905,,,,519.987664399093,,0.2220945220193471,0.09922208795796905
tt01_20160527_2.TextGrid,ydd,522.744138583182,523.0894347262715,0.34529614308951295,522.744138583182,522.8489246467818,0.10478606359981768,,,,523.0774829931972,,0.2285583464154115,0.10478606359981768
tt01_20160527_2.TextGrid,ydd,526.1558120162666,526.4797287010042,0.3239166847375827,526.1558120162666,526.2576700680272,0.10185805176058693,,,,526.4573015873016,,0.1996315192743623,0.10185805176058693
tt01_20160527_2.TextGrid,kempa,529.2960430839003,529.7669706862653,0.4709276023650091,529.3710402736593,529.5093799603175,0.1383396866581279,529.4655237764206,529.5912414965986,0.12571772017804506,529.6609334845049,0.09448350276124984,0.06969198790625342,0.09448350276124984
tt01_20160527_2.TextGrid,kempa,532.3245506623703,532.8164584796425,0.4919078172722493,532.40845677665,532.5679787672645,0.15952199061450756,532.5072284442233,532.6353325774754,0.12810413325212266,532.7163832199547,0.09877166757325995,0.08105064247922655,0.09877166757325995
tt01_20160527_2.TextGrid,kempa,535.7391943241943,536.2392255742877,0.500031250093457,535.8321179138322,535.9715093838954,0.13939147006317398,535.9368458380919,536.0479453262786,0.11109948818671,536.1421680524062,0.10472792425969146,0.09422272612755478,0.10472792425969146
tt01_20160527_2.TextGrid,kembdi,539.3183523516933,539.9411320425606,0.6227796908673326,539.420315696649,539.6128072562359,0.1924915595868697,539.51208599025,539.6128072562359,0.10072126598595332,539.7488140589569,0.09177029360091637,0.13600680272099908,0.09177029360091637
tt01_20160527_2.TextGrid,kembdi,542.329714393694,542.8919794584501,0.5622650647561613,542.4141260279213,542.6049361719997,0.19081014407845487,542.5186334480671,542.6049361719997,0.0863027239325902,542.6976575963719,0.10450742014586467,0.0927214243721437,0.10450742014586467
tt01_20160527_2.TextGrid,kembdi,545.356229419304,545.9160346854792,0.5598052661752035,545.4503092045879,545.634617031998,0.18430782741006624,545.5589186772017,545.634617031998,0.07569835479625908,545.7359569160998,0.10860947261380716,0.10133988410177608,0.10860947261380716
tt01_20160527_2.TextGrid,detta,548.7834470777559,549.3911047916434,0.6076577138875336,548.8750835421888,548.986657694962,0.11157415277318705,548.9523208718011,549.094321511376,0.14200063957491693,549.1869954648527,0.07723732961233054,0.09267395347660567,0.07723732961233054
tt01_20160527_2.TextGrid,detta,551.9129971408854,552.478471201814,0.5654740609286364,551.9932868731089,552.1105058433631,0.11721897025415728,552.0780649426823,552.2010136054422,0.1229486627598817,552.2989573696145,0.08477806957341727,0.09794376417232797,0.08477806957341727
tt01_20160527_2.TextGrid,detta,554.9788718820862,555.5330280354566,0.5541561533703998,555.0602419964401,555.1872053773891,0.12696338094895054,555.1332527503756,555.2605963718821,0.12734362150649758,555.3477891156463,0.07301075393547762,0.08719274376414887,0.07301075393547762
